home_score,away_score,home_third_dwn_pct,away_third_dwn_pct,home_adjqbr,away_adjqbr,home_passingyards,away_passingyards,home_rushingyards,away_rushingyards,home_fumbles,away_fumbles,home_totaltackles,away_totaltackles,home_sacks,away_sacks,home_interceptions,away_interceptions,home_qbhits,away_qbhits,temperature,precip_severity,game_id,label
78.2924,57.9804,1.542389074803,1.6872783084060001,297.3921,266.75988,760.1531,735.3873,547.9023,359.72790000000003,4.5200000000000005,4.8241000000000005,293.9835,311.3287,12.0395,8.249500000000001,5.32,1.9,19.654600000000002,26.9437,74.5,2.0,401547654,Home
117.22730000000001,66.41170000000001,2.03862977053,1.7139549979030002,322.02731,282.6607,1020.9683,948.9709,499.29670000000004,319.60490000000004,3.6100000000000003,4.5200000000000005,267.8823,311.39750000000004,5.6702,8.2585,5.61,7.336,11.781300000000002,16.270400000000002,75.0,3.0,401548631,Away
132.7713,88.5574,1.7653892407160001,1.826246183457,290.11123000000003,381.33267,919.7003000000001,1057.6121,819.0274000000001,346.03110000000004,4.2490000000000006,6.049,268.0312,290.7602,12.0411,9.8073,5.61,3.8,28.658300000000004,19.2414,70.0,2.0,401550740,Home
110.545,112.48660000000001,1.7356636519400002,1.310934862214,207.01037000000002,391.91588,1162.355,991.0225,322.78110000000004,524.4753000000001,2.8,4.529,274.2112,241.46030000000002,7.917300000000001,8.254100000000001,3.71,3.7,23.462500000000002,22.0703,81.75,2.0,401548624,Away
125.1803,77.35170000000001,1.72437212116,1.649528592153,489.82818,218.86587,1109.7199,627.3825,540.8321000000001,641.7278,2.3851,6.439,263.5982,272.41790000000003,11.728,6.8861,4.439,3.71,24.073500000000003,19.859,72.75,2.0,401550739,Home
78.0681,88.78470000000002,1.916198894,2.014260314536,179.45343,273.21496,772.9000000000001,782.7839,464.8142,495.79080000000005,4.8100000000000005,5.8951,251.45600000000002,304.3308,9.8227,4.1761,2.8,3.9,24.569300000000002,15.595500000000001,88.5,1.0,401548626,Away
110.7784,87.4448,1.742027525777,1.604099825766,340.80574,169.15796,1382.7551,767.1615,289.5812,545.2804,2.8512000000000004,5.807,260.5989,281.2135,5.8051,19.4517,1.9,6.6512,21.1855,31.718,91.0,2.0,401550178,Away
76.3241,76.63210000000001,1.5003313851870002,1.5084758707900001,253.4334,236.03416,762.1214,751.495,606.2952,597.0271,3.71,3.71,283.4859,265.1323,9.4151,10.447300000000002,5.32,3.71,17.686300000000003,25.527,71.0,3.0,401549309,Away
83.2903,87.79270000000001,1.880752493836,1.893107175207,183.27792,485.23095,911.9329,979.3155,414.4861,524.7029,3.2661000000000002,4.897,266.6162,267.3475,6.063400000000001,2.9412000000000003,1.0,1.9,20.8536,13.356300000000001,100.0,2.0,401548496,Home
128.94023,76.34540000000001,1.2537173967000002,1.845160746856,403.61106600000005,343.71042000000006,1167.2103000000002,724.1008,617.27525,519.4301,9.548200000000001,7.272100000000001,281.48042000000004,272.6485,19.84406,4.9412,8.040000000000001,7.04,33.77024,17.7623,76.25,2.0,401547663,Home
74.3429,90.385,1.53020463264,1.595389327594,297.27020000000005,285.22938,746.9183,824.1159,505.9077,597.7413,1.629,5.149,280.6392,253.35520000000002,10.9444,15.787300000000002,3.71,3.52,21.3368,23.082600000000003,83.5,2.0,401548411,Home
67.1203,52.7316,1.52711014954,1.847592347757,319.4350300000001,235.92318000000003,773.1258,703.8945,432.6163,316.4253,9.603100000000001,5.4802,276.53450000000004,307.3921,7.3712,5.625100000000001,1.0,2.8,19.0914,24.319300000000002,90.0,2.0,401550833,Away
103.2322,89.82100000000001,1.8441215056000002,2.07463827896,403.50911,157.32663000000002,992.6816,879.9457,393.91560000000004,427.2614,4.8,3.439,299.6662,312.6487,8.9002,7.227,2.71,1.0,21.1945,32.5566,104.5,1.0,401548620,Away
64.0477,106.14250000000001,1.753515060937,1.516481344,188.95850000000002,205.17319,785.9726,892.5034,668.1855,588.9235,5.878,4.3580000000000005,277.3749,240.73270000000002,7.6024,15.037,2.9,1.9,22.7128,30.9635,88.25,3.0,401547659,Home
86.92760000000001,128.005,1.3725465735090001,1.42577215084,309.51862,371.50827000000004,911.8947000000001,1171.6473,460.8046,422.9897,1.9,3.7431,275.4649,267.4716,11.2883,8.9002,5.878,4.6,21.1885,17.8365,75.75,2.0,401547666,Away
74.8323,118.4688,1.4816678794,1.8495324368800001,405.75687000000005,392.41023,805.1982,1043.4442000000001,542.53,448.12180000000006,5.526000000000001,3.1141,238.5209,260.9888,16.6741,15.977200000000002,6.792400000000001,4.168,24.6941,36.3302,93.75,1.0,401548628,Home
103.20530000000001,122.8537,1.53922730176,1.595546161834,240.38551,247.21359000000004,1086.8709000000001,932.7677000000001,488.3989,604.2311,7.4612,2.9970000000000003,258.9706,266.6248,6.6322,6.5151,1.9,6.968,25.590400000000002,21.1482,98.0,2.0,401550918,Home
106.14250000000001,72.0905,1.516481344,1.457964170838,205.17319,473.5549500000001,892.5034,827.393,588.9235,535.0917000000001,4.3580000000000005,2.71,240.73270000000002,296.6097,15.037,7.551200000000001,1.9,7.507000000000001,30.9635,17.7997,80.25,2.0,401547661,Away
93.1106,52.03,1.722322882357,1.458375847267,344.68297,204.4207,776.7132,733.1037,587.2861,405.7162,2.71,10.2592,275.68240000000003,291.6248,6.085100000000001,6.7151000000000005,4.33,2.0,20.4466,17.7792,74.5,2.0,401550834,Home
83.53590000000001,97.5159,1.8611702970400001,1.5748007105400001,188.38123000000002,220.26808000000003,787.3766,937.6676,452.4882,335.2816,5.239000000000001,2.8,299.082,279.495,6.8005,9.453100000000001,5.7,6.626,18.219900000000003,24.2494,81.5,2.0,401548625,Away
123.86810000000001,107.0608,1.628480586736,1.6349647587740002,394.49685,317.51402,1065.1051,939.7639,538.2077,480.9805,1.729,4.0951,270.81530000000004,311.49440000000004,15.0085,10.6544,5.897,2.8,24.7296,40.110600000000005,77.0,1.0,401548621,Away
68.38000000000001,55.377300000000005,1.5967942826800001,1.74128303,345.25264,187.04439000000002,956.8441,851.0029000000001,313.0439,423.4628,5.978000000000001,5.6290000000000004,293.68280000000004,253.14260000000002,6.946300000000001,11.4274,5.149,4.7,16.270400000000002,29.3258,101.5,1.0,401547665,Away
91.4867,110.4203,1.31568194997,1.387730238,368.56295,341.26866000000007,783.5478,1019.0694000000001,586.8172000000001,501.12620000000004,6.617000000000001,6.769,287.1103,262.53380000000004,20.2374,11.8373,8.0363,6.42,31.6127,26.6336,74.5,1.0,401547662,Home
73.06490000000001,76.96730000000001,1.89983575123,1.461860887014,294.96218999999996,359.20604000000003,719.5081,792.8453000000001,516.1496000000001,481.632,6.6160000000000005,2.358,266.0875,293.1051,5.597300000000001,13.5688,5.42,5.33,18.418400000000002,22.649,76.0,2.0,401547664,Home
63.6387,90.1297,1.720705638138,1.807965781904,366.97704000000004,463.65466000000004,804.9177,1343.9543,379.4271,273.17060000000004,4.978000000000001,3.8241000000000005,293.1667,251.61870000000002,9.4195,6.307300000000001,4.42,3.7,27.481900000000003,22.999900000000004,74.0,1.0,401550836,Away
132.49360000000001,112.90190000000001,1.249399411208,1.7161919038870002,510.55172,424.4996,1003.9744000000001,934.2092,610.9833,492.33880000000005,3.539,3.6100000000000003,232.39640000000003,271.6569,5.9051,6.6341,6.6,6.339,23.1719,13.0692,77.0,2.0,401549211,Away
74.81530000000001,94.9777,1.874581845087,1.505336387704,434.98473,284.96694,1019.0426000000001,866.7624000000001,331.9353,612.8316,6.339,6.607,267.5123,238.2649,4.553100000000001,15.131200000000002,2.9,4.33,14.326500000000001,20.4582,86.75,1.0,401548507,Away
88.6768,118.4688,1.811692115047,1.8495324368800001,347.37015,392.41023,990.3328,1043.4442000000001,445.99510000000004,448.12180000000006,2.529,3.1141,250.99130000000002,260.9888,6.9382,15.977200000000002,2.8,4.168,24.352800000000002,36.3302,86.5,2.0,401548497,Away
122.8537,87.79270000000001,1.595546161834,1.9868357382,247.21359000000004,502.28955,932.7677000000001,923.547,604.2311,579.1592,2.9970000000000003,6.2092,266.6248,272.5963,6.5151,4.9095,6.968,2.8,21.1482,17.2929,78.0,1.0,401548509,Home
72.5177,113.8244,1.6914600020100001,1.4139473104000002,258.01801,357.1381,869.8152,981.0282000000001,436.4479,501.853,2.71,6.0680000000000005,288.95140000000004,254.32930000000002,11.8553,7.782400000000001,4.42,2.71,20.2894,25.436500000000002,78.0,1.0,401547668,Away
119.60340000000001,76.34830000000001,1.5934451974700001,1.83079836433,390.59947,424.43105,911.1944000000001,954.4442,748.1326,323.35740000000004,5.0680000000000005,6.258,255.6706,296.13280000000003,9.6912,6.7780000000000005,6.339,3.52,29.535800000000002,18.729400000000002,70.5,1.0,401550161,Home
128.75740000000002,83.36160000000001,1.285176938752,1.5699890433400001,452.42781,486.19473,976.4778,867.5277000000001,513.8384000000001,519.5665,3.1590000000000003,2.6100000000000003,254.1705,237.8648,9.4024,17.3302,4.6,6.1363,20.046,26.0063,76.25,3.0,401547667,Away
74.0077,69.175,1.43557587808,1.849971833575,243.77614,336.56435,710.8168000000001,802.268,590.4661,562.3563,2.9,5.878,274.3177,271.4124,9.135100000000001,9.9604,5.33,2.9,20.9343,27.384700000000002,80.0,1.0,401547655,Home
79.2429,100.4777,1.78503218074,1.46744980083,355.09993000000003,607.62815,845.0306,720.9798000000001,507.2262,633.4102,3.439,8.507000000000001,274.701,279.9013,6.8095,18.9234,7.23,8.6753,21.4419,27.850700000000003,89.5,1.0,401548627,Away
106.14250000000001,83.7074,1.516481344,1.830964331707,205.17319,457.13742,892.5034,749.5681000000001,588.9235,546.6443,4.3580000000000005,4.896100000000001,240.73270000000002,275.01910000000004,15.037,7.6214,1.9,5.42,30.9635,20.8565,71.0,2.0,401547656,Away
52.1659,100.9811,1.487421189256,1.4423487045760002,346.30237,319.61235000000005,677.3397000000001,907.6051,397.2841,506.8967,10.288,2.539,293.4941,279.4733,7.551200000000001,14.3875,2.0,5.707000000000001,20.3685,24.3516,87.5,2.0,401547657,Away
100.2994,109.6691,1.3398622603630002,1.66561618543,333.0453,540.2639,778.8045000000001,855.6689,704.8881,455.9176,8.5753,2.629,232.7002,254.1753,10.0363,6.149,4.51,6.339,14.334600000000002,13.188,75.25,2.0,401548508,Home
122.8537,116.4397,1.595546161834,1.317914662006,247.21359000000004,432.58931,932.7677000000001,974.5133000000001,604.2311,534.1080000000001,2.9970000000000003,4.968,266.6248,256.2647,6.5151,10.648200000000001,6.968,6.058,21.1482,22.2205,69.5,1.0,401548510,Away
76.0133,99.7253,1.316518207704,1.68694232243,508.0840400000001,472.74076,662.6153,1173.6344000000001,525.147,344.4282,2.9412000000000003,7.139,319.0251,277.0128,11.777800000000001,9.5653,5.087000000000001,8.688,18.797,23.1826,74.75,2.0,401548412,Away
124.2577,90.51440000000001,1.3705667082800002,1.53057207317,573.56306,521.21087,954.4141000000001,897.9114000000001,615.6129000000001,631.8756000000001,2.439,5.978000000000001,225.83270000000002,270.2266,6.6512,13.5382,6.6,4.439,25.1276,31.7818,65.75,2.0,401549212,Home
118.4688,76.5735,1.8495324368800001,1.437236371108,392.41023,588.59565,1043.4442000000001,905.4970000000001,448.12180000000006,562.8737000000001,3.1141,4.2490000000000006,260.9888,275.8177,15.977200000000002,10.3962,4.168,7.797000000000001,36.3302,21.3837,79.0,3.0,401548629,Home
82.7333,72.313,1.850607476587,1.7534215297000002,521.5420300000001,483.72699000000006,1049.6836,952.5949,399.1053,430.3612,6.2661,0.81,255.51330000000002,259.9913,6.444100000000001,6.598000000000001,3.71,2.0,13.6785,19.392000000000003,71.25,2.0,401548498,Away
93.1106,47.979600000000005,1.722322882357,1.45025973682,344.68297,441.70665,776.7132,749.8266,587.2861,323.8095,2.71,6.3883,275.68240000000003,299.1388,6.085100000000001,11.323300000000001,4.33,4.61,20.4466,29.3715,81.75,2.0,401550835,Away
78.35470000000001,97.5159,1.49265607525,1.5748007105400001,432.80134000000004,220.26808000000003,867.0298,937.6676,505.5781,335.2816,2.8,2.8,259.6477,279.495,6.9661,9.453100000000001,6.130000000000001,6.626,13.4373,24.2494,87.0,2.0,401548623,Home
77.56230000000001,74.70400000000001,1.621490250934,2.017253881345,571.2186800000001,432.06965,1218.1545,797.1790000000001,281.8732,540.4323,5.5612,5.258,256.2651,290.43240000000003,5.897,11.8514,4.51,3.9,21.767100000000003,29.1177,85.0,2.0,401547660,Home
107.0608,78.39030000000001,1.6349647587740002,1.5195154024300002,317.51402,320.01319,939.7639,862.9249000000001,480.9805,525.4898000000001,4.0951,2.539,311.49440000000004,232.24960000000002,10.6544,11.2944,2.8,5.33,40.110600000000005,29.7788,85.75,1.0,401548622,Home
69.5724,111.2234,1.7668092980740002,1.50276550312,404.21396000000004,518.2642000000001,927.1532000000001,1112.8512,370.9594,436.86400000000003,4.349,4.5200000000000005,299.8629,243.9793,7.732200000000001,5.9734,4.2490000000000006,3.6100000000000003,17.6782,18.578500000000002,102.5,2.0,401550167,Home
85.22500000000001,65.5067,1.8080818203570002,1.558081474977,531.69741,300.53437,930.3987000000001,796.4796,551.5445,462.69460000000004,7.7563,3.439,266.75350000000003,283.4974,6.423300000000001,10.273100000000001,4.42,4.258,17.1615,17.7343,70.25,2.0,401547669,Home
74.76660000000001,50.929,1.51457475994,1.5352711852,491.24013,380.59384,951.0117,842.3911,411.72850000000005,291.1109,0.9,5.978000000000001,252.95780000000002,293.53880000000004,18.9772,7.8463,6.946300000000001,5.8051,24.6203,17.125400000000003,92.75,2.0,401547658,Away
118.4688,98.9411,1.8495324368800001,1.266467328176,392.41023,432.92835,1043.4442000000001,880.8051,448.12180000000006,514.9867,3.1141,2.439,260.9888,263.9433,15.977200000000002,16.6975,4.168,6.946300000000001,36.3302,28.5516,80.0,2.0,401547353,Away
71.381,59.2359,1.616406693823,1.4430471380560002,452.71095,501.26137,848.6296,793.0997,483.16200000000003,422.7941,4.0222,11.778,279.6268,288.38410000000005,7.767200000000001,7.5612,4.7,3.8,23.1154,17.058500000000002,83.0,2.0,401547403,Home
76.5735,97.5159,1.437236371108,1.5748007105400001,588.59565,220.26808000000003,905.4970000000001,937.6676,562.8737000000001,335.2816,4.2490000000000006,2.8,275.8177,279.495,10.3962,9.453100000000001,7.797000000000001,6.626,21.3837,24.2494,67.0,3.0,401547397,Home
89.3674,107.0608,1.7775609920070001,1.6349647587740002,642.49942,317.51402,849.9381000000001,939.7639,557.9543,480.9805,5.0661000000000005,4.0951,283.8591,311.49440000000004,8.1414,10.6544,4.5200000000000005,2.8,17.646500000000003,40.110600000000005,74.25,2.0,401547404,Away
82.7333,77.56230000000001,1.850607476587,1.621490250934,521.5420300000001,571.2186800000001,1049.6836,1218.1545,399.1053,281.8732,6.2661,5.5612,255.51330000000002,256.2651,6.444100000000001,5.897,3.71,4.51,13.6785,21.767100000000003,69.0,2.0,401547398,Away
69.92660000000001,94.75630000000001,1.41555690394,1.276258065478,575.81213,336.63603,981.9517000000001,703.4421000000001,438.2085,744.1533000000001,1.0,8.7292,252.7278,222.3025,15.1872,12.643600000000001,7.8463,5.968,20.840300000000003,16.5306,88.5,1.0,401547399,Home
98.2807,122.8537,1.61933534357,1.595546161834,853.97415,247.21359000000004,756.4218000000001,932.7677000000001,613.5462,604.2311,6.987,2.9970000000000003,280.8073,266.6248,14.3794,6.5151,7.198300000000001,6.968,24.0447,21.1482,71.0,2.0,401547405,Away
83.3527,64.3798,1.6161863725,1.754565835187,594.8073400000001,557.07176,850.9058,857.4468,558.5671,428.2659,3.6100000000000003,1.71,258.0117,264.0547,7.2851,10.156600000000001,6.697000000000001,2.81,16.4813,18.8166,77.5,2.0,401547406,Home
74.70400000000001,60.879000000000005,2.017253881345,1.5356814280000002,432.06965,547.03284,797.1790000000001,831.3511000000001,540.4323,324.9309,5.258,5.0680000000000005,290.43240000000003,283.84880000000004,11.8514,8.846300000000001,3.9,6.8051,29.1177,23.885400000000004,80.75,3.0,401547396,Home
66.0151,109.41890000000001,1.68983790856,1.618852424423,650.4360800000001,633.86702,652.2735,836.1348,557.0327,598.2814000000001,3.9241,2.439,336.2514,230.19580000000002,9.298100000000002,5.168,4.888,7.329000000000001,17.9544,23.020100000000003,79.5,2.0,401547407,Away
110.625,107.21140000000001,1.356304042357,1.7687005862,593.17741,622.4715,1017.9987000000001,1105.3832,621.8145000000001,452.925,7.936300000000001,2.8,233.6035,257.1433,8.1333,5.9634,5.878,3.529,17.0715,14.6875,64.0,3.0,401547400,Away
69.7091,106.14250000000001,1.8183542724300001,1.516481344,484.5989,205.17319,654.1089000000001,892.5034,336.6976,588.9235,4.429,4.3580000000000005,281.8953,240.73270000000002,6.149,15.037,5.2490000000000006,1.9,16.018,30.9635,73.5,3.0,401547402,Away
116.4397,78.39030000000001,1.317914662006,1.5195154024300002,432.58931,320.01319,974.5133000000001,862.9249000000001,534.1080000000001,525.4898000000001,4.968,2.539,256.2647,232.24960000000002,10.648200000000001,11.2944,6.058,5.33,22.2205,29.7788,85.25,1.0,401547401,Away
90.51440000000001,50.563,1.53057207317,1.763661323026,521.21087,360.5643,897.9114000000001,608.5662,631.8756000000001,479.57710000000003,5.978000000000001,2.71,270.2266,280.4691,13.5382,7.171200000000001,4.439,5.078,31.7818,16.5197,76.0,1.0,401547408,Away
93.1106,69.5724,1.722322882357,1.7668092980740002,344.68297,404.21396000000004,776.7132,927.1532000000001,587.2861,370.9594,2.71,4.349,275.68240000000003,299.8629,6.085100000000001,7.732200000000001,4.33,4.2490000000000006,20.4466,17.6782,72.75,3.0,401547409,Away
47.979600000000005,99.7253,1.45025973682,1.68694232243,441.70665,472.74076,749.8266,1173.6344000000001,323.8095,344.4282,6.3883,7.139,299.1388,277.0128,11.323300000000001,9.5653,4.61,8.688,29.3715,23.1826,71.5,2.0,401547352,Home
106.14250000000001,82.7333,1.516481344,1.850607476587,205.17319,521.5420300000001,892.5034,1049.6836,588.9235,399.1053,4.3580000000000005,6.2661,240.73270000000002,255.51330000000002,15.037,6.444100000000001,1.9,3.71,30.9635,13.6785,70.5,1.0,401547410,Home
71.381,109.41890000000001,1.616406693823,1.618852424423,452.71095,633.86702,848.6296,836.1348,483.16200000000003,598.2814000000001,4.0222,2.439,279.6268,230.19580000000002,7.767200000000001,5.168,4.7,7.329000000000001,23.1154,23.020100000000003,78.0,2.0,401547417,Home
99.7253,107.21140000000001,1.68694232243,1.7687005862,472.74076,622.4715,1173.6344000000001,1105.3832,344.4282,452.925,7.139,2.8,277.0128,257.1433,9.5653,5.9634,8.688,3.529,23.1826,14.6875,70.75,2.0,401547411,Home
97.5159,74.70400000000001,1.5748007105400001,2.017253881345,220.26808000000003,432.06965,937.6676,797.1790000000001,335.2816,540.4323,2.8,5.258,279.495,290.43240000000003,9.453100000000001,11.8514,6.626,3.9,24.2494,29.1177,70.25,1.0,401547412,Away
98.9411,90.51440000000001,1.266467328176,1.53057207317,432.92835,521.21087,880.8051,897.9114000000001,514.9867,631.8756000000001,2.439,5.978000000000001,263.9433,270.2266,16.6975,13.5382,6.946300000000001,4.439,28.5516,31.7818,72.5,2.0,401547418,Away
75.8563,116.4397,1.465462612478,1.317914662006,293.07603,432.58931,779.5421000000001,974.5133000000001,654.4533,534.1080000000001,7.929200000000001,4.968,242.3025,256.2647,12.3436,10.648200000000001,5.968,6.058,21.1306,22.2205,66.5,2.0,401547414,Home
77.56230000000001,66.0151,1.621490250934,1.68983790856,571.2186800000001,650.4360800000001,1218.1545,652.2735,281.8732,557.0327,5.5612,3.9241,256.2651,336.2514,5.897,9.298100000000002,4.51,4.888,21.767100000000003,17.9544,89.5,2.0,401547420,Home
107.0608,118.4688,1.6349647587740002,1.8495324368800001,317.51402,392.41023,939.7639,1043.4442000000001,480.9805,448.12180000000006,4.0951,3.1141,311.49440000000004,260.9888,10.6544,15.977200000000002,2.8,4.168,40.110600000000005,36.3302,87.75,2.0,401547413,Away
60.879000000000005,89.3674,1.5356814280000002,1.7775609920070001,547.03284,642.49942,831.3511000000001,849.9381000000001,324.9309,557.9543,5.0680000000000005,5.0661000000000005,283.84880000000004,283.8591,8.846300000000001,8.1414,6.8051,4.5200000000000005,23.885400000000004,17.646500000000003,89.5,1.0,401547419,Away
50.563,122.8537,1.763661323026,1.595546161834,360.5643,247.21359000000004,608.5662,932.7677000000001,479.57710000000003,604.2311,2.71,2.9970000000000003,280.4691,266.6248,7.171200000000001,6.5151,5.078,6.968,16.5197,21.1482,70.5,2.0,401547422,Away
64.3798,93.1106,1.754565835187,1.722322882357,557.07176,344.68297,857.4468,776.7132,428.2659,587.2861,1.71,2.71,264.0547,275.68240000000003,10.156600000000001,6.085100000000001,2.81,4.33,18.8166,20.4466,96.5,1.0,401547421,Away
69.5724,47.979600000000005,1.7668092980740002,1.45025973682,404.21396000000004,441.70665,927.1532000000001,749.8266,370.9594,323.8095,4.349,6.3883,299.8629,299.1388,7.732200000000001,11.323300000000001,4.2490000000000006,4.61,17.6782,29.3715,88.0,1.0,401547415,Home
110.625,83.3527,1.356304042357,1.6161863725,593.17741,594.8073400000001,1017.9987000000001,850.9058,621.8145000000001,558.5671,7.936300000000001,3.6100000000000003,233.6035,258.0117,8.1333,7.2851,5.878,6.697000000000001,17.0715,16.4813,80.5,1.0,401547416,Away
69.7091,78.39030000000001,1.8183542724300001,1.5195154024300002,484.5989,320.01319,654.1089000000001,862.9249000000001,336.6976,525.4898000000001,4.429,2.539,281.8953,232.24960000000002,6.149,11.2944,5.2490000000000006,5.33,16.018,29.7788,65.5,1.0,401547423,Away
59.2359,69.92660000000001,1.4430471380560002,1.41555690394,501.26137,575.81213,793.0997,981.9517000000001,422.7941,438.2085,11.778,1.0,288.38410000000005,252.7278,7.5612,15.1872,3.8,7.8463,17.058500000000002,20.840300000000003,72.5,3.0,401547425,Away
98.2807,76.5735,1.61933534357,1.437236371108,853.97415,588.59565,756.4218000000001,905.4970000000001,613.5462,562.8737000000001,6.987,4.2490000000000006,280.8073,275.8177,14.3794,10.3962,7.198300000000001,7.797000000000001,24.0447,21.3837,61.0,1.0,401547424,Home
122.8537,93.1106,1.595546161834,1.722322882357,247.21359000000004,344.68297,932.7677000000001,776.7132,604.2311,587.2861,2.9970000000000003,2.71,266.6248,275.68240000000003,6.5151,6.085100000000001,6.968,4.33,21.1482,20.4466,74.0,1.0,401547426,Home
76.5735,75.8563,1.437236371108,1.465462612478,588.59565,293.07603,905.4970000000001,779.5421000000001,562.8737000000001,654.4533,4.2490000000000006,7.929200000000001,275.8177,242.3025,10.3962,12.3436,7.797000000000001,5.968,21.3837,21.1306,68.5,2.0,401547428,Home
98.9411,71.381,1.266467328176,1.616406693823,432.92835,452.71095,880.8051,848.6296,514.9867,483.16200000000003,2.439,4.0222,263.9433,279.6268,16.6975,7.767200000000001,6.946300000000001,4.7,28.5516,23.1154,74.75,1.0,401547433,Home
109.41890000000001,69.92660000000001,1.618852424423,1.41555690394,633.86702,575.81213,836.1348,981.9517000000001,598.2814000000001,438.2085,2.439,1.0,230.19580000000002,252.7278,5.168,15.1872,7.329000000000001,7.8463,23.020100000000003,20.840300000000003,68.5,2.0,401547434,Home
78.39030000000001,110.625,1.5195154024300002,1.356304042357,320.01319,593.17741,862.9249000000001,1017.9987000000001,525.4898000000001,621.8145000000001,2.539,7.936300000000001,232.24960000000002,233.6035,11.2944,8.1333,5.33,5.878,29.7788,17.0715,87.25,2.0,401547429,Home
82.7333,116.4397,1.850607476587,1.317914662006,521.5420300000001,432.58931,1049.6836,974.5133000000001,399.1053,534.1080000000001,6.2661,4.968,255.51330000000002,256.2647,6.444100000000001,10.648200000000001,3.71,6.058,13.6785,22.2205,69.0,2.0,401547436,Away
47.979600000000005,69.7091,1.45025973682,1.8183542724300001,441.70665,484.5989,749.8266,654.1089000000001,323.8095,336.6976,6.3883,4.429,299.1388,281.8953,11.323300000000001,6.149,4.61,5.2490000000000006,29.3715,16.018,63.5,3.0,401547430,Away
83.3527,99.7253,1.6161863725,1.68694232243,594.8073400000001,472.74076,850.9058,1173.6344000000001,558.5671,344.4282,3.6100000000000003,7.139,258.0117,277.0128,7.2851,9.5653,6.697000000000001,8.688,16.4813,23.1826,65.5,3.0,401547431,Away
107.0608,60.879000000000005,1.6349647587740002,1.5356814280000002,317.51402,547.03284,939.7639,831.3511000000001,480.9805,324.9309,4.0951,5.0680000000000005,311.49440000000004,283.84880000000004,10.6544,8.846300000000001,2.8,6.8051,40.110600000000005,23.885400000000004,85.75,2.0,401547435,Away
74.70400000000001,89.3674,2.017253881345,1.7775609920070001,432.06965,642.49942,797.1790000000001,849.9381000000001,540.4323,557.9543,5.258,5.0661000000000005,290.43240000000003,283.8591,11.8514,8.1414,3.9,4.5200000000000005,29.1177,17.646500000000003,67.0,3.0,401547427,Away
90.51440000000001,59.2359,1.53057207317,1.4430471380560002,521.21087,501.26137,897.9114000000001,793.0997,631.8756000000001,422.7941,5.978000000000001,11.778,270.2266,288.38410000000005,13.5382,7.5612,4.439,3.8,31.7818,17.058500000000002,61.0,3.0,401547432,Home
118.4688,66.0151,1.8495324368800001,1.68983790856,392.41023,650.4360800000001,1043.4442000000001,652.2735,448.12180000000006,557.0327,3.1141,3.9241,260.9888,336.2514,15.977200000000002,9.298100000000002,4.168,4.888,36.3302,17.9544,83.0,1.0,401547438,Home
64.3798,69.5724,1.754565835187,1.7668092980740002,557.07176,404.21396000000004,857.4468,927.1532000000001,428.2659,370.9594,1.71,4.349,264.0547,299.8629,10.156600000000001,7.732200000000001,2.81,4.2490000000000006,18.8166,17.6782,96.0,1.0,401547437,Home
107.21140000000001,98.2807,1.7687005862,1.61933534357,622.4715,853.97415,1105.3832,756.4218000000001,452.925,613.5462,2.8,6.987,257.1433,280.8073,5.9634,14.3794,3.529,7.198300000000001,14.6875,24.0447,86.5,1.0,401547439,Away
77.56230000000001,106.14250000000001,1.621490250934,1.516481344,571.2186800000001,205.17319,1218.1545,892.5034,281.8732,588.9235,5.5612,4.3580000000000005,256.2651,240.73270000000002,5.897,15.037,4.51,1.9,21.767100000000003,30.9635,84.75,3.0,401547440,Away
97.5159,50.563,1.5748007105400001,1.763661323026,220.26808000000003,360.5643,937.6676,608.5662,335.2816,479.57710000000003,2.8,2.71,279.495,280.4691,9.453100000000001,7.171200000000001,6.626,5.078,24.2494,16.5197,66.5,1.0,401547441,Home
109.41890000000001,98.9411,1.618852424423,1.266467328176,633.86702,432.92835,836.1348,880.8051,598.2814000000001,514.9867,2.439,2.439,230.19580000000002,263.9433,5.168,16.6975,7.329000000000001,6.946300000000001,23.020100000000003,28.5516,60.5,2.0,401547442,Away
107.0608,71.381,1.6349647587740002,1.616406693823,317.51402,452.71095,939.7639,848.6296,480.9805,483.16200000000003,4.0951,4.0222,311.49440000000004,279.6268,10.6544,7.767200000000001,2.8,4.7,40.110600000000005,23.1154,,,401547227,Home
99.7253,78.39030000000001,1.68694232243,1.5195154024300002,472.74076,320.01319,1173.6344000000001,862.9249000000001,344.4282,525.4898000000001,7.139,2.539,277.0128,232.24960000000002,9.5653,11.2944,8.688,5.33,23.1826,29.7788,75.0,2.0,401547443,Home
66.0151,110.625,1.68983790856,1.356304042357,650.4360800000001,593.17741,652.2735,1017.9987000000001,557.0327,621.8145000000001,3.9241,7.936300000000001,336.2514,233.6035,9.298100000000002,8.1333,4.888,5.878,17.9544,17.0715,81.0,1.0,401547444,Away
76.5735,74.70400000000001,1.437236371108,2.017253881345,588.59565,432.06965,905.4970000000001,797.1790000000001,562.8737000000001,540.4323,4.2490000000000006,5.258,275.8177,290.43240000000003,10.3962,11.8514,7.797000000000001,3.9,21.3837,29.1177,72.5,1.0,401547445,Away
75.8563,97.5159,1.465462612478,1.5748007105400001,293.07603,220.26808000000003,779.5421000000001,937.6676,654.4533,335.2816,7.929200000000001,2.8,242.3025,279.495,12.3436,9.453100000000001,5.968,6.626,21.1306,24.2494,79.75,1.0,401547452,Home
89.3674,50.563,1.7775609920070001,1.763661323026,642.49942,360.5643,849.9381000000001,608.5662,557.9543,479.57710000000003,5.0661000000000005,2.71,283.8591,280.4691,8.1414,7.171200000000001,4.5200000000000005,5.078,17.646500000000003,16.5197,80.0,2.0,401547449,Away
69.92660000000001,77.56230000000001,1.41555690394,1.621490250934,575.81213,571.2186800000001,981.9517000000001,1218.1545,438.2085,281.8732,1.0,5.5612,252.7278,256.2651,15.1872,5.897,7.8463,4.51,20.840300000000003,21.767100000000003,86.75,1.0,401547450,Away
106.14250000000001,83.3527,1.516481344,1.6161863725,205.17319,594.8073400000001,892.5034,850.9058,588.9235,558.5671,4.3580000000000005,3.6100000000000003,240.73270000000002,258.0117,15.037,7.2851,1.9,6.697000000000001,30.9635,16.4813,78.75,1.0,401547451,Home
59.2359,82.7333,1.4430471380560002,1.850607476587,501.26137,521.5420300000001,793.0997,1049.6836,422.7941,399.1053,11.778,6.2661,288.38410000000005,255.51330000000002,7.5612,6.444100000000001,3.8,3.71,17.058500000000002,13.6785,80.0,2.0,401547448,Away
60.879000000000005,98.2807,1.5356814280000002,1.61933534357,547.03284,853.97415,831.3511000000001,756.4218000000001,324.9309,613.5462,5.0680000000000005,6.987,283.84880000000004,280.8073,8.846300000000001,14.3794,6.8051,7.198300000000001,23.885400000000004,24.0447,91.25,2.0,401547446,Home
116.4397,107.21140000000001,1.317914662006,1.7687005862,432.58931,622.4715,974.5133000000001,1105.3832,534.1080000000001,452.925,4.968,2.8,256.2647,257.1433,10.648200000000001,5.9634,6.058,3.529,22.2205,14.6875,67.0,2.0,401547447,Home
69.5724,69.7091,1.7668092980740002,1.8183542724300001,404.21396000000004,484.5989,927.1532000000001,654.1089000000001,370.9594,336.6976,4.349,4.429,299.8629,281.8953,7.732200000000001,6.149,4.2490000000000006,5.2490000000000006,17.6782,16.018,90.5,2.0,401547453,Home
122.8537,64.3798,1.595546161834,1.754565835187,247.21359000000004,557.07176,932.7677000000001,857.4468,604.2311,428.2659,2.9970000000000003,1.71,266.6248,264.0547,6.5151,10.156600000000001,6.968,2.81,21.1482,18.8166,76.25,1.0,401547454,Home
47.979600000000005,118.4688,1.45025973682,1.8495324368800001,441.70665,392.41023,749.8266,1043.4442000000001,323.8095,448.12180000000006,6.3883,3.1141,299.1388,260.9888,11.323300000000001,15.977200000000002,4.61,4.168,29.3715,36.3302,68.75,1.0,401547455,Away
93.1106,90.51440000000001,1.722322882357,1.53057207317,344.68297,521.21087,776.7132,897.9114000000001,587.2861,631.8756000000001,2.71,5.978000000000001,275.68240000000003,270.2266,6.085100000000001,13.5382,4.33,4.439,20.4466,31.7818,65.0,2.0,401547456,Away
83.3527,66.0151,1.6161863725,1.68983790856,594.8073400000001,650.4360800000001,850.9058,652.2735,558.5671,557.0327,3.6100000000000003,3.9241,258.0117,336.2514,7.2851,9.298100000000002,6.697000000000001,4.888,16.4813,17.9544,65.5,2.0,401547457,Away
99.7253,107.0608,1.68694232243,1.6349647587740002,472.74076,317.51402,1173.6344000000001,939.7639,344.4282,480.9805,7.139,4.0951,277.0128,311.49440000000004,9.5653,10.6544,8.688,2.8,23.1826,40.110600000000005,70.0,1.0,401547228,Away
71.381,60.879000000000005,1.616406693823,1.5356814280000002,452.71095,547.03284,848.6296,831.3511000000001,483.16200000000003,324.9309,4.0222,5.0680000000000005,279.6268,283.84880000000004,7.767200000000001,8.846300000000001,4.7,6.8051,23.1154,23.885400000000004,64.0,1.0,401547463,Home
98.9411,59.2359,1.266467328176,1.4430471380560002,432.92835,501.26137,880.8051,793.0997,514.9867,422.7941,2.439,11.778,263.9433,288.38410000000005,16.6975,7.5612,6.946300000000001,3.8,28.5516,17.058500000000002,55.0,2.0,401547464,Home
89.3674,75.8563,1.7775609920070001,1.465462612478,642.49942,293.07603,849.9381000000001,779.5421000000001,557.9543,654.4533,5.0661000000000005,7.929200000000001,283.8591,242.3025,8.1414,12.3436,4.5200000000000005,5.968,17.646500000000003,21.1306,52.5,2.0,401547458,Home
78.39030000000001,93.1106,1.5195154024300002,1.722322882357,320.01319,344.68297,862.9249000000001,776.7132,525.4898000000001,587.2861,2.539,2.71,232.24960000000002,275.68240000000003,11.2944,6.085100000000001,5.33,4.33,29.7788,20.4466,87.25,2.0,401547465,Home
69.7091,69.92660000000001,1.8183542724300001,1.41555690394,484.5989,575.81213,654.1089000000001,981.9517000000001,336.6976,438.2085,4.429,1.0,281.8953,252.7278,6.149,15.1872,5.2490000000000006,7.8463,16.018,20.840300000000003,62.0,1.0,401547459,Away
98.2807,74.70400000000001,1.61933534357,2.017253881345,853.97415,432.06965,756.4218000000001,797.1790000000001,613.5462,540.4323,6.987,5.258,280.8073,290.43240000000003,14.3794,11.8514,7.198300000000001,3.9,24.0447,29.1177,53.5,2.0,401547460,Home
50.563,106.14250000000001,1.763661323026,1.516481344,360.5643,205.17319,608.5662,892.5034,479.57710000000003,588.9235,2.71,4.3580000000000005,280.4691,240.73270000000002,7.171200000000001,15.037,5.078,1.9,16.5197,30.9635,73.5,1.0,401547467,Away
64.3798,97.5159,1.754565835187,1.5748007105400001,557.07176,220.26808000000003,857.4468,937.6676,428.2659,335.2816,1.71,2.8,264.0547,279.495,10.156600000000001,9.453100000000001,2.81,6.626,18.8166,24.2494,97.5,2.0,401547466,Away
110.625,47.979600000000005,1.356304042357,1.45025973682,593.17741,441.70665,1017.9987000000001,749.8266,621.8145000000001,323.8095,7.936300000000001,6.3883,233.6035,299.1388,8.1333,11.323300000000001,5.878,4.61,17.0715,29.3715,75.5,1.0,401547461,Away
82.7333,118.4688,1.850607476587,1.8495324368800001,521.5420300000001,392.41023,1049.6836,1043.4442000000001,399.1053,448.12180000000006,6.2661,3.1141,255.51330000000002,260.9888,6.444100000000001,15.977200000000002,3.71,4.168,13.6785,36.3302,58.5,2.0,401547462,Away
122.8537,69.5724,1.595546161834,1.7668092980740002,247.21359000000004,404.21396000000004,932.7677000000001,927.1532000000001,604.2311,370.9594,2.9970000000000003,4.349,266.6248,299.8629,6.5151,7.732200000000001,6.968,4.2490000000000006,21.1482,17.6782,73.5,1.0,401547354,Home
107.21140000000001,109.41890000000001,1.7687005862,1.618852424423,622.4715,633.86702,1105.3832,836.1348,452.925,598.2814000000001,2.8,2.439,257.1433,230.19580000000002,5.9634,5.168,3.529,7.329000000000001,14.6875,23.020100000000003,90.5,2.0,401547468,Home
118.4688,110.625,1.8495324368800001,1.356304042357,392.41023,593.17741,1043.4442000000001,1017.9987000000001,448.12180000000006,621.8145000000001,3.1141,7.936300000000001,260.9888,233.6035,15.977200000000002,8.1333,4.168,5.878,36.3302,17.0715,70.75,2.0,401547469,Home
75.8563,74.70400000000001,1.465462612478,2.017253881345,293.07603,432.06965,779.5421000000001,797.1790000000001,654.4533,540.4323,7.929200000000001,5.258,242.3025,290.43240000000003,12.3436,11.8514,5.968,3.9,21.1306,29.1177,52.0,1.0,401547229,Away
71.381,83.3527,1.616406693823,1.6161863725,452.71095,594.8073400000001,848.6296,850.9058,483.16200000000003,558.5671,4.0222,3.6100000000000003,279.6268,258.0117,7.767200000000001,7.2851,4.7,6.697000000000001,23.1154,16.4813,61.0,2.0,401547470,Away
66.0151,82.7333,1.68983790856,1.850607476587,650.4360800000001,521.5420300000001,652.2735,1049.6836,557.0327,399.1053,3.9241,6.2661,336.2514,255.51330000000002,9.298100000000002,6.444100000000001,4.888,3.71,17.9544,13.6785,55.75,2.0,401547475,Away
97.5159,90.51440000000001,1.5748007105400001,1.53057207317,220.26808000000003,521.21087,937.6676,897.9114000000001,335.2816,631.8756000000001,2.8,5.978000000000001,279.495,270.2266,9.453100000000001,13.5382,6.626,4.439,24.2494,31.7818,56.75,2.0,401547471,Home
76.5735,122.8537,1.437236371108,1.595546161834,588.59565,247.21359000000004,905.4970000000001,932.7677000000001,562.8737000000001,604.2311,4.2490000000000006,2.9970000000000003,275.8177,266.6248,10.3962,6.5151,7.797000000000001,6.968,21.3837,21.1482,55.25,2.0,401547476,Home
78.39030000000001,59.2359,1.5195154024300002,1.4430471380560002,320.01319,501.26137,862.9249000000001,793.0997,525.4898000000001,422.7941,2.539,11.778,232.24960000000002,288.38410000000005,11.2944,7.5612,5.33,3.8,29.7788,17.058500000000002,86.5,2.0,401547473,Home
107.0608,89.3674,1.6349647587740002,1.7775609920070001,317.51402,642.49942,939.7639,849.9381000000001,480.9805,557.9543,4.0951,5.0661000000000005,311.49440000000004,283.8591,10.6544,8.1414,2.8,4.5200000000000005,40.110600000000005,17.646500000000003,74.75,1.0,401547472,Home
60.879000000000005,69.92660000000001,1.5356814280000002,1.41555690394,547.03284,575.81213,831.3511000000001,981.9517000000001,324.9309,438.2085,5.0680000000000005,1.0,283.84880000000004,252.7278,8.846300000000001,15.1872,6.8051,7.8463,23.885400000000004,20.840300000000003,70.0,1.0,401547477,Home
107.21140000000001,69.7091,1.7687005862,1.8183542724300001,622.4715,484.5989,1105.3832,654.1089000000001,452.925,336.6976,2.8,4.429,257.1433,281.8953,5.9634,6.149,3.529,5.2490000000000006,14.6875,16.018,81.75,1.0,401547474,Home
50.563,64.3798,1.763661323026,1.754565835187,360.5643,557.07176,608.5662,857.4468,479.57710000000003,428.2659,2.71,1.71,280.4691,264.0547,7.171200000000001,10.156600000000001,5.078,2.81,16.5197,18.8166,81.25,1.0,401547479,Home
47.979600000000005,106.14250000000001,1.45025973682,1.516481344,441.70665,205.17319,749.8266,892.5034,323.8095,588.9235,6.3883,4.3580000000000005,299.1388,240.73270000000002,11.323300000000001,15.037,4.61,1.9,29.3715,30.9635,57.5,2.0,401547480,Home
77.56230000000001,98.9411,1.621490250934,1.266467328176,571.2186800000001,432.92835,1218.1545,880.8051,281.8732,514.9867,5.5612,2.439,256.2651,263.9433,5.897,16.6975,4.51,6.946300000000001,21.767100000000003,28.5516,75.75,2.0,401547478,Away
99.7253,93.1106,1.68694232243,1.722322882357,472.74076,344.68297,1173.6344000000001,776.7132,344.4282,587.2861,7.139,2.71,277.0128,275.68240000000003,9.5653,6.085100000000001,8.688,4.33,23.1826,20.4466,47.0,2.0,401547481,Home
116.4397,69.5724,1.317914662006,1.7668092980740002,432.58931,404.21396000000004,974.5133000000001,927.1532000000001,534.1080000000001,370.9594,4.968,4.349,256.2647,299.8629,10.648200000000001,7.732200000000001,6.058,4.2490000000000006,22.2205,17.6782,74.0,1.0,401547482,Away
69.92660000000001,107.0608,1.41555690394,1.6349647587740002,575.81213,317.51402,981.9517000000001,939.7639,438.2085,480.9805,1.0,4.0951,252.7278,311.49440000000004,15.1872,10.6544,7.8463,2.8,20.840300000000003,40.110600000000005,75.25,2.0,401547483,Away
66.0151,107.21140000000001,1.68983790856,1.7687005862,650.4360800000001,622.4715,652.2735,1105.3832,557.0327,452.925,3.9241,2.8,336.2514,257.1433,9.298100000000002,5.9634,4.888,3.529,17.9544,14.6875,55.5,2.0,401547490,Home
89.3674,76.5735,1.7775609920070001,1.437236371108,642.49942,588.59565,849.9381000000001,905.4970000000001,557.9543,562.8737000000001,5.0661000000000005,4.2490000000000006,283.8591,275.8177,8.1414,10.3962,4.5200000000000005,7.797000000000001,17.646500000000003,21.3837,53.5,1.0,401547484,Away
69.7091,99.7253,1.8183542724300001,1.68694232243,484.5989,472.74076,654.1089000000001,1173.6344000000001,336.6976,344.4282,4.429,7.139,281.8953,277.0128,6.149,9.5653,5.2490000000000006,8.688,16.018,23.1826,58.0,2.0,401547485,Home
93.1106,83.3527,1.722322882357,1.6161863725,344.68297,594.8073400000001,776.7132,850.9058,587.2861,558.5671,2.71,3.6100000000000003,275.68240000000003,258.0117,6.085100000000001,7.2851,4.33,6.697000000000001,20.4466,16.4813,54.5,2.0,401547486,Home
77.56230000000001,71.381,1.621490250934,1.616406693823,571.2186800000001,452.71095,1218.1545,848.6296,281.8732,483.16200000000003,5.5612,4.0222,256.2651,279.6268,5.897,7.767200000000001,4.51,4.7,21.767100000000003,23.1154,80.5,2.0,401547491,Away
74.70400000000001,98.9411,2.017253881345,1.266467328176,432.06965,432.92835,797.1790000000001,880.8051,540.4323,514.9867,5.258,2.439,290.43240000000003,263.9433,11.8514,16.6975,3.9,6.946300000000001,29.1177,28.5516,63.0,1.0,401547489,Home
50.563,98.2807,1.763661323026,1.61933534357,360.5643,853.97415,608.5662,756.4218000000001,479.57710000000003,613.5462,2.71,6.987,280.4691,280.8073,7.171200000000001,14.3794,5.078,7.198300000000001,16.5197,24.0447,72.75,1.0,401547492,Away
90.51440000000001,64.3798,1.53057207317,1.754565835187,521.21087,557.07176,897.9114000000001,857.4468,631.8756000000001,428.2659,5.978000000000001,1.71,270.2266,264.0547,13.5382,10.156600000000001,4.439,2.81,31.7818,18.8166,55.25,2.0,401547493,Home
110.625,109.41890000000001,1.356304042357,1.618852424423,593.17741,633.86702,1017.9987000000001,836.1348,621.8145000000001,598.2814000000001,7.936300000000001,2.439,233.6035,230.19580000000002,8.1333,5.168,5.878,7.329000000000001,17.0715,23.020100000000003,72.5,2.0,401547487,Home
118.4688,116.4397,1.8495324368800001,1.317914662006,392.41023,432.58931,1043.4442000000001,974.5133000000001,448.12180000000006,534.1080000000001,3.1141,4.968,260.9888,256.2647,15.977200000000002,10.648200000000001,4.168,6.058,36.3302,22.2205,72.5,1.0,401547488,Home
106.14250000000001,78.39030000000001,1.516481344,1.5195154024300002,205.17319,320.01319,892.5034,862.9249000000001,588.9235,525.4898000000001,4.3580000000000005,2.539,240.73270000000002,232.24960000000002,15.037,11.2944,1.9,5.33,30.9635,29.7788,54.25,1.0,401547494,Home
82.7333,122.8537,1.850607476587,1.595546161834,521.5420300000001,247.21359000000004,1049.6836,932.7677000000001,399.1053,604.2311,6.2661,2.9970000000000003,255.51330000000002,266.6248,6.444100000000001,6.5151,3.71,6.968,13.6785,21.1482,58.75,2.0,401547495,Home
99.7253,77.56230000000001,1.68694232243,1.621490250934,472.74076,571.2186800000001,1173.6344000000001,1218.1545,344.4282,281.8732,7.139,5.5612,277.0128,256.2651,9.5653,5.897,8.688,4.51,23.1826,21.767100000000003,65.5,2.0,401547496,Home
69.5724,50.563,1.7668092980740002,1.763661323026,404.21396000000004,360.5643,927.1532000000001,608.5662,370.9594,479.57710000000003,4.349,2.71,299.8629,280.4691,7.732200000000001,7.171200000000001,4.2490000000000006,5.078,17.6782,16.5197,45.5,2.0,401547505,Home
109.41890000000001,82.7333,1.618852424423,1.850607476587,633.86702,521.5420300000001,836.1348,1049.6836,598.2814000000001,399.1053,2.439,6.2661,230.19580000000002,255.51330000000002,5.168,6.444100000000001,7.329000000000001,3.71,23.020100000000003,13.6785,39.5,2.0,401547506,Away
75.8563,71.381,1.465462612478,1.616406693823,293.07603,452.71095,779.5421000000001,848.6296,654.4533,483.16200000000003,7.929200000000001,4.0222,242.3025,279.6268,12.3436,7.767200000000001,5.968,4.7,21.1306,23.1154,77.0,2.0,401547500,Home
89.3674,69.92660000000001,1.7775609920070001,1.41555690394,642.49942,575.81213,849.9381000000001,981.9517000000001,557.9543,438.2085,5.0661000000000005,1.0,283.8591,252.7278,8.1414,15.1872,4.5200000000000005,7.8463,17.646500000000003,20.840300000000003,50.25,3.0,401547507,Away
78.39030000000001,69.7091,1.5195154024300002,1.8183542724300001,320.01319,484.5989,862.9249000000001,654.1089000000001,525.4898000000001,336.6976,2.539,4.429,232.24960000000002,281.8953,11.2944,6.149,5.33,5.2490000000000006,29.7788,16.018,84.25,2.0,401547497,Home
93.1106,47.979600000000005,1.722322882357,1.45025973682,344.68297,441.70665,776.7132,749.8266,587.2861,323.8095,2.71,6.3883,275.68240000000003,299.1388,6.085100000000001,11.323300000000001,4.33,4.61,20.4466,29.3715,51.75,3.0,401547498,Away
98.2807,107.0608,1.61933534357,1.6349647587740002,853.97415,317.51402,756.4218000000001,939.7639,613.5462,480.9805,6.987,4.0951,280.8073,311.49440000000004,14.3794,10.6544,7.198300000000001,2.8,24.0447,40.110600000000005,55.5,3.0,401547499,Away
83.3527,106.14250000000001,1.6161863725,1.516481344,594.8073400000001,205.17319,850.9058,892.5034,558.5671,588.9235,3.6100000000000003,4.3580000000000005,258.0117,240.73270000000002,7.2851,15.037,6.697000000000001,1.9,16.4813,30.9635,71.0,2.0,401547508,Away
59.2359,60.879000000000005,1.4430471380560002,1.5356814280000002,501.26137,547.03284,793.0997,831.3511000000001,422.7941,324.9309,11.778,5.0680000000000005,288.38410000000005,283.84880000000004,7.5612,8.846300000000001,3.8,6.8051,17.058500000000002,23.885400000000004,80.5,1.0,401547504,Home
90.51440000000001,76.5735,1.53057207317,1.437236371108,521.21087,588.59565,897.9114000000001,905.4970000000001,631.8756000000001,562.8737000000001,5.978000000000001,4.2490000000000006,270.2266,275.8177,13.5382,10.3962,4.439,7.797000000000001,31.7818,21.3837,50.75,2.0,401547509,Home
110.625,118.4688,1.356304042357,1.8495324368800001,593.17741,392.41023,1017.9987000000001,1043.4442000000001,621.8145000000001,448.12180000000006,7.936300000000001,3.1141,233.6035,260.9888,8.1333,15.977200000000002,5.878,4.168,17.0715,36.3302,26.0,4.0,401547502,Home
64.3798,74.70400000000001,1.754565835187,2.017253881345,557.07176,432.06965,857.4468,797.1790000000001,428.2659,540.4323,1.71,5.258,264.0547,290.43240000000003,10.156600000000001,11.8514,2.81,3.9,18.8166,29.1177,76.0,1.0,401547501,Away
122.8537,97.5159,1.595546161834,1.5748007105400001,247.21359000000004,220.26808000000003,932.7677000000001,937.6676,604.2311,335.2816,2.9970000000000003,2.8,266.6248,279.495,6.5151,9.453100000000001,6.968,6.626,21.1482,24.2494,74.5,1.0,401547503,Away
116.4397,66.0151,1.317914662006,1.68983790856,432.58931,650.4360800000001,974.5133000000001,652.2735,534.1080000000001,557.0327,4.968,3.9241,256.2647,336.2514,10.648200000000001,9.298100000000002,6.058,4.888,22.2205,17.9544,75.0,1.0,401547510,Home
98.9411,107.21140000000001,1.266467328176,1.7687005862,432.92835,622.4715,880.8051,1105.3832,514.9867,452.925,2.439,2.8,263.9433,257.1433,16.6975,5.9634,6.946300000000001,3.529,28.5516,14.6875,41.0,2.0,401547511,Home
98.2807,75.8563,1.61933534357,1.465462612478,853.97415,293.07603,756.4218000000001,779.5421000000001,613.5462,654.4533,6.987,7.929200000000001,280.8073,242.3025,14.3794,12.3436,7.198300000000001,5.968,24.0447,21.1306,41.5,1.0,401547512,Home
118.4688,78.39030000000001,1.8495324368800001,1.5195154024300002,392.41023,320.01319,1043.4442000000001,862.9249000000001,448.12180000000006,525.4898000000001,3.1141,2.539,260.9888,232.24960000000002,15.977200000000002,11.2944,4.168,5.33,36.3302,29.7788,52.0,3.0,401547230,Home
71.381,82.7333,1.616406693823,1.850607476587,452.71095,521.5420300000001,848.6296,1049.6836,483.16200000000003,399.1053,4.0222,6.2661,279.6268,255.51330000000002,7.767200000000001,6.444100000000001,4.7,3.71,23.1154,13.6785,73.0,1.0,401547518,Away
76.5735,64.3798,1.437236371108,1.754565835187,588.59565,557.07176,905.4970000000001,857.4468,562.8737000000001,428.2659,4.2490000000000006,1.71,275.8177,264.0547,10.3962,10.156600000000001,7.797000000000001,2.81,21.3837,18.8166,55.5,1.0,401547514,Home
109.41890000000001,50.563,1.618852424423,1.763661323026,633.86702,360.5643,836.1348,608.5662,598.2814000000001,479.57710000000003,2.439,2.71,230.19580000000002,280.4691,5.168,7.171200000000001,7.329000000000001,5.078,23.020100000000003,16.5197,50.75,3.0,401547519,Home
69.7091,83.3527,1.8183542724300001,1.6161863725,484.5989,594.8073400000001,654.1089000000001,850.9058,336.6976,558.5671,4.429,3.6100000000000003,281.8953,258.0117,6.149,7.2851,5.2490000000000006,6.697000000000001,16.018,16.4813,62.25,2.0,401547520,Away
69.92660000000001,66.0151,1.41555690394,1.68983790856,575.81213,650.4360800000001,981.9517000000001,652.2735,438.2085,557.0327,1.0,3.9241,252.7278,336.2514,15.1872,9.298100000000002,7.8463,4.888,20.840300000000003,17.9544,70.75,1.0,401547516,Home
74.70400000000001,90.51440000000001,2.017253881345,1.53057207317,432.06965,521.21087,797.1790000000001,897.9114000000001,540.4323,631.8756000000001,5.258,5.978000000000001,290.43240000000003,270.2266,11.8514,13.5382,3.9,4.439,29.1177,31.7818,73.5,2.0,401547513,Home
60.879000000000005,77.56230000000001,1.5356814280000002,1.621490250934,547.03284,571.2186800000001,831.3511000000001,1218.1545,324.9309,281.8732,5.0680000000000005,5.5612,283.84880000000004,256.2651,8.846300000000001,5.897,6.8051,4.51,23.885400000000004,21.767100000000003,79.5,2.0,401547515,Home
59.2359,89.3674,1.4430471380560002,1.7775609920070001,501.26137,642.49942,793.0997,849.9381000000001,422.7941,557.9543,11.778,5.0661000000000005,288.38410000000005,283.8591,7.5612,8.1414,3.8,4.5200000000000005,17.058500000000002,17.646500000000003,73.0,1.0,401547517,Away
107.21140000000001,93.1106,1.7687005862,1.722322882357,622.4715,344.68297,1105.3832,776.7132,452.925,587.2861,2.8,2.71,257.1433,275.68240000000003,5.9634,6.085100000000001,3.529,4.33,14.6875,20.4466,74.25,2.0,401547521,Home
106.14250000000001,69.5724,1.516481344,1.7668092980740002,205.17319,404.21396000000004,892.5034,927.1532000000001,588.9235,370.9594,4.3580000000000005,4.349,240.73270000000002,299.8629,15.037,7.732200000000001,1.9,4.2490000000000006,30.9635,17.6782,64.0,1.0,401547522,Home
97.5159,99.7253,1.5748007105400001,1.68694232243,220.26808000000003,472.74076,937.6676,1173.6344000000001,335.2816,344.4282,2.8,7.139,279.495,277.0128,9.453100000000001,9.5653,6.626,8.688,24.2494,23.1826,48.75,1.0,401547523,Home
47.979600000000005,116.4397,1.45025973682,1.317914662006,441.70665,432.58931,749.8266,974.5133000000001,323.8095,534.1080000000001,6.3883,4.968,299.1388,256.2647,11.323300000000001,10.648200000000001,4.61,6.058,29.3715,22.2205,50.75,2.0,401547524,Away
66.0151,59.2359,1.68983790856,1.4430471380560002,650.4360800000001,501.26137,652.2735,793.0997,557.0327,422.7941,3.9241,11.778,336.2514,288.38410000000005,9.298100000000002,7.5612,4.888,3.8,17.9544,17.058500000000002,49.0,2.0,401547525,Home
69.7091,89.3674,1.8183542724300001,1.7775609920070001,484.5989,642.49942,654.1089000000001,849.9381000000001,336.6976,557.9543,4.429,5.0661000000000005,281.8953,283.8591,6.149,8.1414,5.2490000000000006,4.5200000000000005,16.018,17.646500000000003,46.0,2.0,401547231,Away
97.5159,60.879000000000005,1.5748007105400001,1.5356814280000002,220.26808000000003,547.03284,937.6676,831.3511000000001,335.2816,324.9309,2.8,5.0680000000000005,279.495,283.84880000000004,9.453100000000001,8.846300000000001,6.626,6.8051,24.2494,23.885400000000004,55.75,1.0,401547526,Away
82.7333,69.92660000000001,1.850607476587,1.41555690394,521.5420300000001,575.81213,1049.6836,981.9517000000001,399.1053,438.2085,6.2661,1.0,255.51330000000002,252.7278,6.444100000000001,15.1872,3.71,7.8463,13.6785,20.840300000000003,53.75,2.0,401547533,Home
98.2807,109.41890000000001,1.61933534357,1.618852424423,853.97415,633.86702,756.4218000000001,836.1348,613.5462,598.2814000000001,6.987,2.439,280.8073,230.19580000000002,14.3794,5.168,7.198300000000001,7.329000000000001,24.0447,23.020100000000003,51.0,1.0,401547527,Home
77.56230000000001,75.8563,1.621490250934,1.465462612478,571.2186800000001,293.07603,1218.1545,779.5421000000001,281.8732,654.4533,5.5612,7.929200000000001,256.2651,242.3025,5.897,12.3436,4.51,5.968,21.767100000000003,21.1306,85.0,2.0,401547528,Home
107.0608,122.8537,1.6349647587740002,1.595546161834,317.51402,247.21359000000004,939.7639,932.7677000000001,480.9805,604.2311,4.0951,2.9970000000000003,311.49440000000004,266.6248,10.6544,6.5151,2.8,6.968,40.110600000000005,21.1482,62.0,2.0,401547532,Away
74.70400000000001,76.5735,2.017253881345,1.437236371108,432.06965,588.59565,797.1790000000001,905.4970000000001,540.4323,562.8737000000001,5.258,4.2490000000000006,290.43240000000003,275.8177,11.8514,10.3962,3.9,7.797000000000001,29.1177,21.3837,51.75,2.0,401547531,Away
64.3798,71.381,1.754565835187,1.616406693823,557.07176,452.71095,857.4468,848.6296,428.2659,483.16200000000003,1.71,4.0222,264.0547,279.6268,10.156600000000001,7.767200000000001,2.81,4.7,18.8166,23.1154,81.0,1.0,401547529,Home
116.4397,98.9411,1.317914662006,1.266467328176,432.58931,432.92835,974.5133000000001,880.8051,534.1080000000001,514.9867,4.968,2.439,256.2647,263.9433,10.648200000000001,16.6975,6.058,6.946300000000001,22.2205,28.5516,81.0,1.0,401547530,Away
69.5724,93.1106,1.7668092980740002,1.722322882357,404.21396000000004,344.68297,927.1532000000001,776.7132,370.9594,587.2861,4.349,2.71,299.8629,275.68240000000003,7.732200000000001,6.085100000000001,4.2490000000000006,4.33,17.6782,20.4466,63.0,1.0,401547534,Home
90.51440000000001,83.3527,1.53057207317,1.6161863725,521.21087,594.8073400000001,897.9114000000001,850.9058,631.8756000000001,558.5671,5.978000000000001,3.6100000000000003,270.2266,258.0117,13.5382,7.2851,4.439,6.697000000000001,31.7818,16.4813,51.75,3.0,401547535,Home
107.21140000000001,47.979600000000005,1.7687005862,1.45025973682,622.4715,441.70665,1105.3832,749.8266,452.925,323.8095,2.8,6.3883,257.1433,299.1388,5.9634,11.323300000000001,3.529,4.61,14.6875,29.3715,63.0,2.0,401547536,Home
99.7253,110.625,1.68694232243,1.356304042357,472.74076,593.17741,1173.6344000000001,1017.9987000000001,344.4282,621.8145000000001,7.139,7.936300000000001,277.0128,233.6035,9.5653,8.1333,8.688,5.878,23.1826,17.0715,47.5,2.0,401547537,Away
74.70400000000001,97.5159,2.017253881345,1.5748007105400001,432.06965,220.26808000000003,797.1790000000001,937.6676,540.4323,335.2816,5.258,2.8,290.43240000000003,279.495,11.8514,9.453100000000001,3.9,6.626,29.1177,24.2494,54.5,1.0,401547538,Home
76.5735,98.2807,1.437236371108,1.61933534357,588.59565,853.97415,905.4970000000001,756.4218000000001,562.8737000000001,613.5462,4.2490000000000006,6.987,275.8177,280.8073,10.3962,14.3794,7.797000000000001,7.198300000000001,21.3837,24.0447,50.0,2.0,401547539,Home
98.9411,66.0151,1.266467328176,1.68983790856,432.92835,650.4360800000001,880.8051,652.2735,514.9867,557.0327,2.439,3.9241,263.9433,336.2514,16.6975,9.298100000000002,6.946300000000001,4.888,28.5516,17.9544,51.5,1.0,401547546,Home
109.41890000000001,116.4397,1.618852424423,1.317914662006,633.86702,432.58931,836.1348,974.5133000000001,598.2814000000001,534.1080000000001,2.439,4.968,230.19580000000002,256.2647,5.168,10.648200000000001,7.329000000000001,6.058,23.020100000000003,22.2205,45.0,1.0,401547547,Home
78.39030000000001,107.21140000000001,1.5195154024300002,1.7687005862,320.01319,622.4715,862.9249000000001,1105.3832,525.4898000000001,452.925,2.539,2.8,232.24960000000002,257.1433,11.2944,5.9634,5.33,3.529,29.7788,14.6875,80.75,2.0,401547542,Home
83.3527,93.1106,1.6161863725,1.722322882357,594.8073400000001,344.68297,850.9058,776.7132,558.5671,587.2861,3.6100000000000003,2.71,258.0117,275.68240000000003,7.2851,6.085100000000001,6.697000000000001,4.33,16.4813,20.4466,57.75,1.0,401547548,Away
59.2359,69.5724,1.4430471380560002,1.7668092980740002,501.26137,404.21396000000004,793.0997,927.1532000000001,422.7941,370.9594,11.778,4.349,288.38410000000005,299.8629,7.5612,7.732200000000001,3.8,4.2490000000000006,17.058500000000002,17.6782,61.25,1.0,401547545,Away
107.0608,75.8563,1.6349647587740002,1.465462612478,317.51402,293.07603,939.7639,779.5421000000001,480.9805,654.4533,4.0951,7.929200000000001,311.49440000000004,242.3025,10.6544,12.3436,2.8,5.968,40.110600000000005,21.1306,77.5,1.0,401547541,Home
60.879000000000005,64.3798,1.5356814280000002,1.754565835187,547.03284,557.07176,831.3511000000001,857.4468,324.9309,428.2659,5.0680000000000005,1.71,283.84880000000004,264.0547,8.846300000000001,10.156600000000001,6.8051,2.81,23.885400000000004,18.8166,73.0,2.0,401547540,Home
122.8537,77.56230000000001,1.595546161834,1.621490250934,247.21359000000004,571.2186800000001,932.7677000000001,1218.1545,604.2311,281.8732,2.9970000000000003,5.5612,266.6248,256.2651,6.5151,5.897,6.968,4.51,21.1482,21.767100000000003,63.5,2.0,401547549,Home
99.7253,47.979600000000005,1.68694232243,1.45025973682,472.74076,441.70665,1173.6344000000001,749.8266,344.4282,323.8095,7.139,6.3883,277.0128,299.1388,9.5653,11.323300000000001,8.688,4.61,23.1826,29.3715,37.5,1.0,401547543,Home
50.563,90.51440000000001,1.763661323026,1.53057207317,360.5643,521.21087,608.5662,897.9114000000001,479.57710000000003,631.8756000000001,2.71,5.978000000000001,280.4691,270.2266,7.171200000000001,13.5382,5.078,4.439,16.5197,31.7818,72.0,1.0,401547544,Home
110.625,82.7333,1.356304042357,1.850607476587,593.17741,521.5420300000001,1017.9987000000001,1049.6836,621.8145000000001,399.1053,7.936300000000001,6.2661,233.6035,255.51330000000002,8.1333,6.444100000000001,5.878,3.71,17.0715,13.6785,48.5,2.0,401547550,Home
118.4688,106.14250000000001,1.8495324368800001,1.516481344,392.41023,205.17319,1043.4442000000001,892.5034,448.12180000000006,588.9235,3.1141,4.3580000000000005,260.9888,240.73270000000002,15.977200000000002,15.037,4.168,1.9,36.3302,30.9635,44.75,3.0,401547345,Away
98.9411,109.41890000000001,1.266467328176,1.618852424423,432.92835,633.86702,880.8051,836.1348,514.9867,598.2814000000001,2.439,2.439,263.9433,230.19580000000002,16.6975,5.168,6.946300000000001,7.329000000000001,28.5516,23.020100000000003,48.25,2.0,401547552,Away
69.5724,83.3527,1.7668092980740002,1.6161863725,404.21396000000004,594.8073400000001,927.1532000000001,850.9058,370.9594,558.5671,4.349,3.6100000000000003,299.8629,258.0117,7.732200000000001,7.2851,4.2490000000000006,6.697000000000001,17.6782,16.4813,60.5,1.0,401547551,Home
90.51440000000001,122.8537,1.53057207317,1.595546161834,521.21087,247.21359000000004,897.9114000000001,932.7677000000001,631.8756000000001,604.2311,5.978000000000001,2.9970000000000003,270.2266,266.6248,13.5382,6.5151,4.439,6.968,31.7818,21.1482,43.0,2.0,401547553,Away
47.979600000000005,78.39030000000001,1.45025973682,1.5195154024300002,441.70665,320.01319,749.8266,862.9249000000001,323.8095,525.4898000000001,6.3883,2.539,299.1388,232.24960000000002,11.323300000000001,11.2944,4.61,5.33,29.3715,29.7788,46.75,1.0,401547242,Away
71.381,69.92660000000001,1.616406693823,1.41555690394,452.71095,575.81213,848.6296,981.9517000000001,483.16200000000003,438.2085,4.0222,1.0,279.6268,252.7278,7.767200000000001,15.1872,4.7,7.8463,23.1154,20.840300000000003,49.0,2.0,401547559,Home
97.5159,98.2807,1.5748007105400001,1.61933534357,220.26808000000003,853.97415,937.6676,756.4218000000001,335.2816,613.5462,2.8,6.987,279.495,280.8073,9.453100000000001,14.3794,6.626,7.198300000000001,24.2494,24.0447,47.25,3.0,401547554,Away
75.8563,59.2359,1.465462612478,1.4430471380560002,293.07603,501.26137,779.5421000000001,793.0997,654.4533,422.7941,7.929200000000001,11.778,242.3025,288.38410000000005,12.3436,7.5612,5.968,3.8,21.1306,17.058500000000002,51.5,3.0,401547561,Home
89.3674,77.56230000000001,1.7775609920070001,1.621490250934,642.49942,571.2186800000001,849.9381000000001,1218.1545,557.9543,281.8732,5.0661000000000005,5.5612,283.8591,256.2651,8.1414,5.897,4.5200000000000005,4.51,17.646500000000003,21.767100000000003,38.25,3.0,401547556,Home
93.1106,69.7091,1.722322882357,1.8183542724300001,344.68297,484.5989,776.7132,654.1089000000001,587.2861,336.6976,2.71,4.429,275.68240000000003,281.8953,6.085100000000001,6.149,4.33,5.2490000000000006,20.4466,16.018,47.0,3.0,401547560,Home
60.879000000000005,107.0608,1.5356814280000002,1.6349647587740002,547.03284,317.51402,831.3511000000001,939.7639,324.9309,480.9805,5.0680000000000005,4.0951,283.84880000000004,311.49440000000004,8.846300000000001,10.6544,6.8051,2.8,23.885400000000004,40.110600000000005,62.25,2.0,401547555,Away
110.625,76.5735,1.356304042357,1.437236371108,593.17741,588.59565,1017.9987000000001,905.4970000000001,621.8145000000001,562.8737000000001,7.936300000000001,4.2490000000000006,233.6035,275.8177,8.1333,10.3962,5.878,7.797000000000001,17.0715,21.3837,36.0,1.0,401547563,Home
64.3798,50.563,1.754565835187,1.763661323026,557.07176,360.5643,857.4468,608.5662,428.2659,479.57710000000003,1.71,2.71,264.0547,280.4691,10.156600000000001,7.171200000000001,2.81,5.078,18.8166,16.5197,69.0,2.0,401547562,Away
107.21140000000001,118.4688,1.7687005862,1.8495324368800001,622.4715,392.41023,1105.3832,1043.4442000000001,452.925,448.12180000000006,2.8,3.1141,257.1433,260.9888,5.9634,15.977200000000002,3.529,4.168,14.6875,36.3302,55.75,1.0,401547557,Away
106.14250000000001,99.7253,1.516481344,1.68694232243,205.17319,472.74076,892.5034,1173.6344000000001,588.9235,344.4282,4.3580000000000005,7.139,240.73270000000002,277.0128,15.037,9.5653,1.9,8.688,30.9635,23.1826,45.75,3.0,401547558,Home
116.4397,74.70400000000001,1.317914662006,2.017253881345,432.58931,432.06965,974.5133000000001,797.1790000000001,534.1080000000001,540.4323,4.968,5.258,256.2647,290.43240000000003,10.648200000000001,11.8514,6.058,3.9,22.2205,29.1177,64.0,1.0,401547564,Away
82.7333,66.0151,1.850607476587,1.68983790856,521.5420300000001,650.4360800000001,1049.6836,652.2735,399.1053,557.0327,6.2661,3.9241,255.51330000000002,336.2514,6.444100000000001,9.298100000000002,3.71,4.888,13.6785,17.9544,15.25,2.0,401547565,Away
69.5724,90.51440000000001,1.7668092980740002,1.53057207317,404.21396000000004,521.21087,927.1532000000001,897.9114000000001,370.9594,631.8756000000001,4.349,5.978000000000001,299.8629,270.2266,7.732200000000001,13.5382,4.2490000000000006,4.439,17.6782,31.7818,61.5,2.0,401547566,Home
75.8563,89.3674,1.465462612478,1.7775609920070001,293.07603,642.49942,779.5421000000001,849.9381000000001,654.4533,557.9543,7.929200000000001,5.0661000000000005,242.3025,283.8591,12.3436,8.1414,5.968,4.5200000000000005,21.1306,17.646500000000003,56.5,1.0,401547570,Away
69.7091,116.4397,1.8183542724300001,1.317914662006,484.5989,432.58931,654.1089000000001,974.5133000000001,336.6976,534.1080000000001,4.429,4.968,281.8953,256.2647,6.149,10.648200000000001,5.2490000000000006,6.058,16.018,22.2205,46.5,3.0,401547567,Away
69.92660000000001,98.9411,1.41555690394,1.266467328176,575.81213,432.92835,981.9517000000001,880.8051,438.2085,514.9867,1.0,2.439,252.7278,263.9433,15.1872,16.6975,7.8463,6.946300000000001,20.840300000000003,28.5516,64.75,1.0,401547572,Away
47.979600000000005,71.381,1.45025973682,1.616406693823,441.70665,452.71095,749.8266,848.6296,323.8095,483.16200000000003,6.3883,4.0222,299.1388,279.6268,11.323300000000001,7.767200000000001,4.61,4.7,29.3715,23.1154,48.75,3.0,401547573,Away
98.2807,64.3798,1.61933534357,1.754565835187,853.97415,557.07176,756.4218000000001,857.4468,613.5462,428.2659,6.987,1.71,280.8073,264.0547,14.3794,10.156600000000001,7.198300000000001,2.81,24.0447,18.8166,57.0,3.0,401547568,Away
83.3527,78.39030000000001,1.6161863725,1.5195154024300002,594.8073400000001,320.01319,850.9058,862.9249000000001,558.5671,525.4898000000001,3.6100000000000003,2.539,258.0117,232.24960000000002,7.2851,11.2944,6.697000000000001,5.33,16.4813,29.7788,53.75,2.0,401547574,Away
60.879000000000005,110.625,1.5356814280000002,1.356304042357,547.03284,593.17741,831.3511000000001,1017.9987000000001,324.9309,621.8145000000001,5.0680000000000005,7.936300000000001,283.84880000000004,233.6035,8.846300000000001,8.1333,6.8051,5.878,23.885400000000004,17.0715,70.25,2.0,401547571,Home
77.56230000000001,59.2359,1.621490250934,1.4430471380560002,571.2186800000001,501.26137,1218.1545,793.0997,281.8732,422.7941,5.5612,11.778,256.2651,288.38410000000005,5.897,7.5612,4.51,3.8,21.767100000000003,17.058500000000002,73.75,3.0,401547569,Home
50.563,76.5735,1.763661323026,1.437236371108,360.5643,588.59565,608.5662,905.4970000000001,479.57710000000003,562.8737000000001,2.71,4.2490000000000006,280.4691,275.8177,7.171200000000001,10.3962,5.078,7.797000000000001,16.5197,21.3837,67.0,1.0,401547575,Home
106.14250000000001,122.8537,1.516481344,1.595546161834,205.17319,247.21359000000004,892.5034,932.7677000000001,588.9235,604.2311,4.3580000000000005,2.9970000000000003,240.73270000000002,266.6248,15.037,6.5151,1.9,6.968,30.9635,21.1482,52.25,2.0,401547276,Away
109.41890000000001,118.4688,1.618852424423,1.8495324368800001,633.86702,392.41023,836.1348,1043.4442000000001,598.2814000000001,448.12180000000006,2.439,3.1141,230.19580000000002,260.9888,5.168,15.977200000000002,7.329000000000001,4.168,23.020100000000003,36.3302,31.0,2.0,401547576,Home
107.0608,97.5159,1.6349647587740002,1.5748007105400001,317.51402,220.26808000000003,939.7639,937.6676,480.9805,335.2816,4.0951,2.8,311.49440000000004,279.495,10.6544,9.453100000000001,2.8,6.626,40.110600000000005,24.2494,64.5,2.0,401547577,Away
98.2807,69.7091,1.61933534357,1.8183542724300001,853.97415,484.5989,756.4218000000001,654.1089000000001,613.5462,336.6976,6.987,4.429,280.8073,281.8953,14.3794,6.149,7.198300000000001,5.2490000000000006,24.0447,16.018,43.0,2.0,401547578,Away
71.381,77.56230000000001,1.616406693823,1.621490250934,452.71095,571.2186800000001,848.6296,1218.1545,483.16200000000003,281.8732,4.0222,5.5612,279.6268,256.2651,7.767200000000001,5.897,4.7,4.51,23.1154,21.767100000000003,54.5,3.0,401547579,Away
66.0151,98.9411,1.68983790856,1.266467328176,650.4360800000001,432.92835,652.2735,880.8051,557.0327,514.9867,3.9241,2.439,336.2514,263.9433,9.298100000000002,16.6975,4.888,6.946300000000001,17.9544,28.5516,36.0,2.0,401547586,Home
97.5159,89.3674,1.5748007105400001,1.7775609920070001,220.26808000000003,642.49942,937.6676,849.9381000000001,335.2816,557.9543,2.8,5.0661000000000005,279.495,283.8591,9.453100000000001,8.1414,6.626,4.5200000000000005,24.2494,17.646500000000003,39.25,2.0,401547580,Home
76.5735,107.0608,1.437236371108,1.6349647587740002,588.59565,317.51402,905.4970000000001,939.7639,562.8737000000001,480.9805,4.2490000000000006,4.0951,275.8177,311.49440000000004,10.3962,10.6544,7.797000000000001,2.8,21.3837,40.110600000000005,41.0,2.0,401547581,Home
69.92660000000001,59.2359,1.41555690394,1.4430471380560002,575.81213,501.26137,981.9517000000001,793.0997,438.2085,422.7941,1.0,11.778,252.7278,288.38410000000005,15.1872,7.5612,7.8463,3.8,20.840300000000003,17.058500000000002,57.75,1.0,401547587,Home
47.979600000000005,60.879000000000005,1.45025973682,1.5356814280000002,441.70665,547.03284,749.8266,831.3511000000001,323.8095,324.9309,6.3883,5.0680000000000005,299.1388,283.84880000000004,11.323300000000001,8.846300000000001,4.61,6.8051,29.3715,23.885400000000004,56.5,3.0,401547582,Home
74.70400000000001,50.563,2.017253881345,1.763661323026,432.06965,360.5643,797.1790000000001,608.5662,540.4323,479.57710000000003,5.258,2.71,290.43240000000003,280.4691,11.8514,7.171200000000001,3.9,5.078,29.1177,16.5197,58.25,3.0,401547585,Home
107.21140000000001,82.7333,1.7687005862,1.850607476587,622.4715,521.5420300000001,1105.3832,1049.6836,452.925,399.1053,2.8,6.2661,257.1433,255.51330000000002,5.9634,6.444100000000001,3.529,3.71,14.6875,13.6785,55.5,2.0,401547588,Away
122.8537,90.51440000000001,1.595546161834,1.53057207317,247.21359000000004,521.21087,932.7677000000001,897.9114000000001,604.2311,631.8756000000001,2.9970000000000003,5.978000000000001,266.6248,270.2266,6.5151,13.5382,6.968,4.439,21.1482,31.7818,60.0,2.0,401547589,Home
118.4688,99.7253,1.8495324368800001,1.68694232243,392.41023,472.74076,1043.4442000000001,1173.6344000000001,448.12180000000006,344.4282,3.1141,7.139,260.9888,277.0128,15.977200000000002,9.5653,4.168,8.688,36.3302,23.1826,43.5,1.0,401547583,Away
116.4397,110.625,1.317914662006,1.356304042357,432.58931,593.17741,974.5133000000001,1017.9987000000001,534.1080000000001,621.8145000000001,4.968,7.936300000000001,256.2647,233.6035,10.648200000000001,8.1333,6.058,5.878,22.2205,17.0715,74.25,1.0,401547584,Away
69.5724,106.14250000000001,1.7668092980740002,1.516481344,404.21396000000004,205.17319,927.1532000000001,892.5034,370.9594,588.9235,4.349,4.3580000000000005,299.8629,240.73270000000002,7.732200000000001,15.037,4.2490000000000006,1.9,17.6782,30.9635,44.5,1.0,401547590,Home
78.39030000000001,75.8563,1.5195154024300002,1.465462612478,320.01319,293.07603,862.9249000000001,779.5421000000001,525.4898000000001,654.4533,2.539,7.929200000000001,232.24960000000002,242.3025,11.2944,12.3436,5.33,5.968,29.7788,21.1306,72.0,1.0,401547592,Away
93.1106,109.41890000000001,1.722322882357,1.618852424423,344.68297,633.86702,776.7132,836.1348,587.2861,598.2814000000001,2.71,2.439,275.68240000000003,230.19580000000002,6.085100000000001,5.168,4.33,7.329000000000001,20.4466,23.020100000000003,42.0,2.0,401547591,Home
107.21140000000001,116.4397,1.7687005862,1.317914662006,622.4715,432.58931,1105.3832,974.5133000000001,452.925,534.1080000000001,2.8,4.968,257.1433,256.2647,5.9634,10.648200000000001,3.529,6.058,14.6875,22.2205,56.5,2.0,401547593,Home
97.5159,82.7333,1.5748007105400001,1.850607476587,220.26808000000003,521.5420300000001,937.6676,1049.6836,335.2816,399.1053,2.8,6.2661,279.495,255.51330000000002,9.453100000000001,6.444100000000001,6.626,3.71,24.2494,13.6785,53.5,1.0,401547604,Home
89.3674,98.2807,1.7775609920070001,1.61933534357,642.49942,853.97415,849.9381000000001,756.4218000000001,557.9543,613.5462,5.0661000000000005,6.987,283.8591,280.8073,8.1414,14.3794,4.5200000000000005,7.198300000000001,17.646500000000003,24.0447,52.25,2.0,401547607,Home
98.9411,110.625,1.266467328176,1.356304042357,432.92835,593.17741,880.8051,1017.9987000000001,514.9867,621.8145000000001,2.439,7.936300000000001,263.9433,233.6035,16.6975,8.1333,6.946300000000001,5.878,28.5516,17.0715,45.25,1.0,401547606,Home
76.5735,66.0151,1.437236371108,1.68983790856,588.59565,650.4360800000001,905.4970000000001,652.2735,562.8737000000001,557.0327,4.2490000000000006,3.9241,275.8177,336.2514,10.3962,9.298100000000002,7.797000000000001,4.888,21.3837,17.9544,46.5,3.0,401547605,Home
109.41890000000001,77.56230000000001,1.618852424423,1.621490250934,633.86702,571.2186800000001,836.1348,1218.1545,598.2814000000001,281.8732,2.439,5.5612,230.19580000000002,256.2651,5.168,5.897,7.329000000000001,4.51,23.020100000000003,21.767100000000003,40.75,2.0,401547598,Away
75.8563,60.879000000000005,1.465462612478,1.5356814280000002,293.07603,547.03284,779.5421000000001,831.3511000000001,654.4533,324.9309,7.929200000000001,5.0680000000000005,242.3025,283.84880000000004,12.3436,8.846300000000001,5.968,6.8051,21.1306,23.885400000000004,50.0,2.0,401547595,Away
78.39030000000001,47.979600000000005,1.5195154024300002,1.45025973682,320.01319,441.70665,862.9249000000001,749.8266,525.4898000000001,323.8095,2.539,6.3883,232.24960000000002,299.1388,11.2944,11.323300000000001,5.33,4.61,29.7788,29.3715,77.75,2.0,401547594,Home
69.7091,118.4688,1.8183542724300001,1.8495324368800001,484.5989,392.41023,654.1089000000001,1043.4442000000001,336.6976,448.12180000000006,4.429,3.1141,281.8953,260.9888,6.149,15.977200000000002,5.2490000000000006,4.168,16.018,36.3302,53.0,2.0,401547608,Away
69.92660000000001,93.1106,1.41555690394,1.722322882357,575.81213,344.68297,981.9517000000001,776.7132,438.2085,587.2861,1.0,2.71,252.7278,275.68240000000003,15.1872,6.085100000000001,7.8463,4.33,20.840300000000003,20.4466,57.75,2.0,401547599,Home
59.2359,71.381,1.4430471380560002,1.616406693823,501.26137,452.71095,793.0997,848.6296,422.7941,483.16200000000003,11.778,4.0222,288.38410000000005,279.6268,7.5612,7.767200000000001,3.8,4.7,17.058500000000002,23.1154,48.5,3.0,401547603,Home
50.563,83.3527,1.763661323026,1.6161863725,360.5643,594.8073400000001,608.5662,850.9058,479.57710000000003,558.5671,2.71,3.6100000000000003,280.4691,258.0117,7.171200000000001,7.2851,5.078,6.697000000000001,16.5197,16.4813,71.75,1.0,401547597,Home
64.3798,122.8537,1.754565835187,1.595546161834,557.07176,247.21359000000004,857.4468,932.7677000000001,428.2659,604.2311,1.71,2.9970000000000003,264.0547,266.6248,10.156600000000001,6.5151,2.81,6.968,18.8166,21.1482,75.0,1.0,401547596,Away
99.7253,69.5724,1.68694232243,1.7668092980740002,472.74076,404.21396000000004,1173.6344000000001,927.1532000000001,344.4282,370.9594,7.139,4.349,277.0128,299.8629,9.5653,7.732200000000001,8.688,4.2490000000000006,23.1826,17.6782,47.5,3.0,401547600,Home
107.0608,74.70400000000001,1.6349647587740002,2.017253881345,317.51402,432.06965,939.7639,797.1790000000001,480.9805,540.4323,4.0951,5.258,311.49440000000004,290.43240000000003,10.6544,11.8514,2.8,3.9,40.110600000000005,29.1177,59.0,2.0,401547602,Away
90.51440000000001,106.14250000000001,1.53057207317,1.516481344,521.21087,205.17319,897.9114000000001,892.5034,631.8756000000001,588.9235,5.978000000000001,4.3580000000000005,270.2266,240.73270000000002,13.5382,15.037,4.439,1.9,31.7818,30.9635,46.5,3.0,401547601,Home
50.563,69.92660000000001,1.763661323026,1.41555690394,360.5643,575.81213,608.5662,981.9517000000001,479.57710000000003,438.2085,2.71,1.0,280.4691,252.7278,7.171200000000001,15.1872,5.078,7.8463,16.5197,20.840300000000003,64.5,3.0,401547609,Home
98.2807,97.5159,1.61933534357,1.5748007105400001,853.97415,220.26808000000003,756.4218000000001,937.6676,613.5462,335.2816,6.987,2.8,280.8073,279.495,14.3794,9.453100000000001,7.198300000000001,6.626,24.0447,24.2494,52.0,2.0,401547610,Home
116.4397,99.7253,1.317914662006,1.68694232243,432.58931,472.74076,974.5133000000001,1173.6344000000001,534.1080000000001,344.4282,4.968,7.139,256.2647,277.0128,10.648200000000001,9.5653,6.058,8.688,22.2205,23.1826,61.75,2.0,401547611,Away
71.381,89.3674,1.616406693823,1.7775609920070001,452.71095,642.49942,848.6296,849.9381000000001,483.16200000000003,557.9543,4.0222,5.0661000000000005,279.6268,283.8591,7.767200000000001,8.1414,4.7,4.5200000000000005,23.1154,17.646500000000003,62.75,2.0,401547616,Home
75.8563,90.51440000000001,1.465462612478,1.53057207317,293.07603,521.21087,779.5421000000001,897.9114000000001,654.4533,631.8756000000001,7.929200000000001,5.978000000000001,242.3025,270.2266,12.3436,13.5382,5.968,4.439,21.1306,31.7818,66.5,2.0,401547614,Away
82.7333,98.9411,1.850607476587,1.266467328176,521.5420300000001,432.92835,1049.6836,880.8051,399.1053,514.9867,6.2661,2.439,255.51330000000002,263.9433,6.444100000000001,16.6975,3.71,6.946300000000001,13.6785,28.5516,54.25,2.0,401547618,Away
47.979600000000005,83.3527,1.45025973682,1.6161863725,441.70665,594.8073400000001,749.8266,850.9058,323.8095,558.5671,6.3883,3.6100000000000003,299.1388,258.0117,11.323300000000001,7.2851,4.61,6.697000000000001,29.3715,16.4813,46.0,2.0,401547613,Home
59.2359,109.41890000000001,1.4430471380560002,1.618852424423,501.26137,633.86702,793.0997,836.1348,422.7941,598.2814000000001,11.778,2.439,288.38410000000005,230.19580000000002,7.5612,5.168,3.8,7.329000000000001,17.058500000000002,23.020100000000003,65.25,2.0,401547617,Away
60.879000000000005,76.5735,1.5356814280000002,1.437236371108,547.03284,588.59565,831.3511000000001,905.4970000000001,324.9309,562.8737000000001,5.0680000000000005,4.2490000000000006,283.84880000000004,275.8177,8.846300000000001,10.3962,6.8051,7.797000000000001,23.885400000000004,21.3837,63.25,3.0,401547612,Away
77.56230000000001,107.0608,1.621490250934,1.6349647587740002,571.2186800000001,317.51402,1218.1545,939.7639,281.8732,480.9805,5.5612,4.0951,256.2651,311.49440000000004,5.897,10.6544,4.51,2.8,21.767100000000003,40.110600000000005,71.75,2.0,401547615,Home
66.0151,64.3798,1.68983790856,1.754565835187,650.4360800000001,557.07176,652.2735,857.4468,557.0327,428.2659,3.9241,1.71,336.2514,264.0547,9.298100000000002,10.156600000000001,4.888,2.81,17.9544,18.8166,54.75,2.0,401547619,Home
78.39030000000001,69.5724,1.5195154024300002,1.7668092980740002,320.01319,404.21396000000004,862.9249000000001,927.1532000000001,525.4898000000001,370.9594,2.539,4.349,232.24960000000002,299.8629,11.2944,7.732200000000001,5.33,4.2490000000000006,29.7788,17.6782,72.75,3.0,401547620,Home
110.625,69.7091,1.356304042357,1.8183542724300001,593.17741,484.5989,1017.9987000000001,654.1089000000001,621.8145000000001,336.6976,7.936300000000001,4.429,233.6035,281.8953,8.1333,6.149,5.878,5.2490000000000006,17.0715,16.018,25.5,2.0,401547621,Away
118.4688,107.21140000000001,1.8495324368800001,1.7687005862,392.41023,622.4715,1043.4442000000001,1105.3832,448.12180000000006,452.925,3.1141,2.8,260.9888,257.1433,15.977200000000002,5.9634,4.168,3.529,36.3302,14.6875,36.5,2.0,401547351,Away
106.14250000000001,93.1106,1.516481344,1.722322882357,205.17319,344.68297,892.5034,776.7132,588.9235,587.2861,4.3580000000000005,2.71,240.73270000000002,275.68240000000003,15.037,6.085100000000001,1.9,4.33,30.9635,20.4466,48.5,2.0,401547241,Home
122.8537,74.70400000000001,1.595546161834,2.017253881345,247.21359000000004,432.06965,932.7677000000001,797.1790000000001,604.2311,540.4323,2.9970000000000003,5.258,266.6248,290.43240000000003,6.5151,11.8514,6.968,3.9,21.1482,29.1177,56.0,2.0,401547622,Away
76.5735,47.979600000000005,1.437236371108,1.45025973682,588.59565,441.70665,905.4970000000001,749.8266,562.8737000000001,323.8095,4.2490000000000006,6.3883,275.8177,299.1388,10.3962,11.323300000000001,7.797000000000001,4.61,21.3837,29.3715,39.0,3.0,401547623,Home
69.5724,98.9411,1.7668092980740002,1.266467328176,404.21396000000004,432.92835,927.1532000000001,880.8051,370.9594,514.9867,4.349,2.439,299.8629,263.9433,7.732200000000001,16.6975,4.2490000000000006,6.946300000000001,17.6782,28.5516,41.0,2.0,401547624,Home
99.7253,69.7091,1.68694232243,1.8183542724300001,472.74076,484.5989,1173.6344000000001,654.1089000000001,344.4282,336.6976,7.139,4.429,277.0128,281.8953,9.5653,6.149,8.688,5.2490000000000006,23.1826,16.018,36.0,2.0,401547626,Home
66.0151,71.381,1.68983790856,1.616406693823,650.4360800000001,452.71095,652.2735,848.6296,557.0327,483.16200000000003,3.9241,4.0222,336.2514,279.6268,9.298100000000002,7.767200000000001,4.888,4.7,17.9544,23.1154,37.0,2.0,401547627,Home
89.3674,107.21140000000001,1.7775609920070001,1.7687005862,642.49942,622.4715,849.9381000000001,1105.3832,557.9543,452.925,5.0661000000000005,2.8,283.8591,257.1433,8.1414,5.9634,4.5200000000000005,3.529,17.646500000000003,14.6875,43.0,2.0,401547628,Home
93.1106,50.563,1.722322882357,1.763661323026,344.68297,360.5643,776.7132,608.5662,587.2861,479.57710000000003,2.71,2.71,275.68240000000003,280.4691,6.085100000000001,7.171200000000001,4.33,5.078,20.4466,16.5197,46.0,1.0,401547632,Away
106.14250000000001,64.3798,1.516481344,1.754565835187,205.17319,557.07176,892.5034,857.4468,588.9235,428.2659,4.3580000000000005,1.71,240.73270000000002,264.0547,15.037,10.156600000000001,1.9,2.81,30.9635,18.8166,48.0,2.0,401547633,Away
77.56230000000001,69.92660000000001,1.621490250934,1.41555690394,571.2186800000001,575.81213,1218.1545,981.9517000000001,281.8732,438.2085,5.5612,1.0,256.2651,252.7278,5.897,15.1872,4.51,7.8463,21.767100000000003,20.840300000000003,67.0,1.0,401547634,Away
83.3527,122.8537,1.6161863725,1.595546161834,594.8073400000001,247.21359000000004,850.9058,932.7677000000001,558.5671,604.2311,3.6100000000000003,2.9970000000000003,258.0117,266.6248,7.2851,6.5151,6.697000000000001,6.968,16.4813,21.1482,51.0,2.0,401547635,Away
107.0608,59.2359,1.6349647587740002,1.4430471380560002,317.51402,501.26137,939.7639,793.0997,480.9805,422.7941,4.0951,11.778,311.49440000000004,288.38410000000005,10.6544,7.5612,2.8,3.8,40.110600000000005,17.058500000000002,60.0,1.0,401547629,Home
74.70400000000001,78.39030000000001,2.017253881345,1.5195154024300002,432.06965,320.01319,797.1790000000001,862.9249000000001,540.4323,525.4898000000001,5.258,2.539,290.43240000000003,232.24960000000002,11.8514,11.2944,3.9,5.33,29.1177,29.7788,51.0,2.0,401547625,Home
60.879000000000005,75.8563,1.5356814280000002,1.465462612478,547.03284,293.07603,831.3511000000001,779.5421000000001,324.9309,654.4533,5.0680000000000005,7.929200000000001,283.84880000000004,242.3025,8.846300000000001,12.3436,6.8051,5.968,23.885400000000004,21.1306,71.0,2.0,401547631,Home
90.51440000000001,98.2807,1.53057207317,1.61933534357,521.21087,853.97415,897.9114000000001,756.4218000000001,631.8756000000001,613.5462,5.978000000000001,6.987,270.2266,280.8073,13.5382,14.3794,4.439,7.198300000000001,31.7818,24.0447,51.0,3.0,401547636,Away
110.625,116.4397,1.356304042357,1.317914662006,593.17741,432.58931,1017.9987000000001,974.5133000000001,621.8145000000001,534.1080000000001,7.936300000000001,4.968,233.6035,256.2647,8.1333,10.648200000000001,5.878,6.058,17.0715,22.2205,43.0,2.0,401547630,Home
118.4688,97.5159,1.8495324368800001,1.5748007105400001,392.41023,220.26808000000003,1043.4442000000001,937.6676,448.12180000000006,335.2816,3.1141,2.8,260.9888,279.495,15.977200000000002,9.453100000000001,4.168,6.626,36.3302,24.2494,35.0,2.0,401547235,Home
82.7333,109.41890000000001,1.850607476587,1.618852424423,521.5420300000001,633.86702,1049.6836,836.1348,399.1053,598.2814000000001,6.2661,2.439,255.51330000000002,230.19580000000002,6.444100000000001,5.168,3.71,7.329000000000001,13.6785,23.020100000000003,21.0,2.0,401547637,Away
